distancia,ldr,temp,humedad,etiqueta
16.12,375,23.70,65.00,presente
16.12,377,23.70,65.00,presente
16.12,377,23.70,65.00,presente
16.12,377,23.70,65.00,presente
17.10,377,23.70,65.00,presente
16.77,378,23.70,65.00,presente
17.10,379,23.70,65.00,presente
17.10,382,23.70,65.00,presente
17.72,378,23.70,65.00,presente
26.38,389,23.70,65.00,presente
20.94,384,23.70,65.00,presente
24.32,384,23.70,65.00,presente
24.30,386,23.70,65.00,presente
29.55,388,23.70,65.00,presente
14.08,363,23.70,65.00,presente
17.10,300,23.70,65.00,presente
16.74,322,23.70,65.00,presente
9.60,321,23.70,65.00,presente
23.17,381,23.70,65.00,presente
11.30,357,23.70,65.00,presente
10.62,350,23.70,65.00,presente
16.45,308,23.70,65.00,presente
18.04,316,23.70,65.00,presente
16.77,319,23.70,66.00,presente
14.06,329,23.70,66.00,presente
16.45,267,23.70,66.00,presente
17.42,225,23.70,66.00,presente
16.77,310,23.70,66.00,presente
16.45,317,23.70,66.00,presente
6.91,331,23.70,66.00,presente
8.21,339,23.70,66.00,presente
34.54,376,23.70,66.00,presente
17.10,379,23.70,66.00,presente
17.06,321,23.70,65.00,presente
16.45,325,23.70,65.00,presente
15.09,326,23.70,65.00,presente
16.12,320,23.70,65.00,presente
17.10,320,23.70,65.00,presente
15.09,320,23.70,65.00,presente
14.75,363,23.70,65.00,presente
17.10,381,23.70,65.00,presente
18.69,381,23.70,65.00,presente
17.10,379,23.70,65.00,presente
16.45,378,23.70,65.00,presente
17.06,379,23.70,65.00,presente
17.10,381,23.70,65.00,presente
16.45,344,23.70,65.00,presente
16.45,377,23.70,65.00,presente
17.06,330,23.70,65.00,presente
15.44,379,23.70,65.00,presente
16.14,379,23.70,65.00,presente
16.12,379,23.70,65.00,presente
16.77,381,23.70,65.00,presente
16.45,381,23.70,65.00,presente
16.12,380,23.70,65.00,presente
16.74,377,23.70,65.00,presente
16.12,370,23.70,65.00,presente
16.45,379,23.70,65.00,presente
16.45,379,23.70,65.00,presente
16.12,379,23.70,65.00,presente
16.74,378,23.70,65.00,presente
29.82,387,23.70,65.00,presente
11.68,296,23.70,65.00,presente
65.68,374,23.70,65.00,presente
82.73,379,23.70,65.00,presente
62.29,337,23.70,65.00,presente
64.57,384,23.70,65.00,presente
59.89,386,23.70,65.00,presente
51.98,309,23.70,65.00,presente
91.65,382,23.70,65.00,ausente
91.67,389,23.60,65.00,ausente
91.75,390,23.60,65.00,ausente
91.75,391,23.60,65.00,ausente
92.10,388,23.60,65.00,ausente
92.18,390,23.60,65.00,ausente
92.18,391,23.60,65.00,ausente
92.18,390,23.60,65.00,ausente
91.75,390,23.60,65.00,ausente
92.20,390,23.60,64.00,ausente
92.64,391,23.60,64.00,ausente
92.64,391,23.60,64.00,ausente
92.18,391,23.60,64.00,ausente
92.64,391,23.60,64.00,ausente
92.66,391,23.60,64.00,ausente
92.58,391,23.60,64.00,ausente
92.18,391,23.60,64.00,ausente
92.64,390,23.50,64.00,ausente
92.18,389,23.50,64.00,ausente
92.63,390,23.50,64.00,ausente
92.64,390,23.50,64.00,ausente
93.11,389,23.50,64.00,ausente
93.11,391,23.50,64.00,ausente
93.11,391,23.50,64.00,ausente
92.64,391,23.50,64.00,ausente
92.64,391,23.50,64.00,ausente
92.64,391,23.50,64.00,ausente
92.20,391,23.50,63.00,ausente
92.20,391,23.50,63.00,ausente
92.63,391,23.50,64.00,ausente
92.20,391,23.50,64.00,ausente
92.64,388,23.40,63.00,ausente
92.28,388,23.40,63.00,ausente
92.28,388,23.40,63.00,ausente
92.73,389,23.40,63.00,ausente
93.11,389,23.40,63.00,ausente
92.68,389,23.40,63.00,ausente
92.73,388,23.40,63.00,ausente
92.63,389,23.40,63.00,ausente
92.64,388,23.40,63.00,ausente
92.68,390,23.40,63.00,ausente
92.66,390,23.40,63.00,ausente
92.64,390,23.40,63.00,ausente
92.68,391,23.40,63.00,ausente
92.63,391,23.40,63.00,ausente
92.64,392,23.40,63.00,ausente
92.63,392,23.40,63.00,ausente
92.63,392,23.30,63.00,ausente
92.64,392,23.30,63.00,ausente
92.64,392,23.30,63.00,ausente
92.64,392,23.30,63.00,ausente
93.09,392,23.30,63.00,ausente
92.64,392,23.30,63.00,ausente
92.20,392,23.30,63.00,ausente
92.22,392,23.30,63.00,ausente
92.23,392,23.30,63.00,ausente
92.20,392,23.30,63.00,ausente
92.63,391,23.30,63.00,ausente
92.23,392,23.30,63.00,ausente
